/sys/devices/system/cpu/cpufreq/policy0/scaling_governor	sys_devices_system_cpu_cpufreq_policy0_scaling_governor
/sys/devices/system/cpu/cpufreq/policy0/scaling_min_freq	sys_devices_system_cpu_cpufreq_policy0_scaling_min_freq
/sys/devices/system/cpu/cpufreq/policy0/scaling_max_freq	sys_devices_system_cpu_cpufreq_policy0_scaling_max_freq
/sys/devices/system/cpu/cpufreq/policy0/sugov_ext/up_rate_limit_us	sys_devices_system_cpu_cpufreq_policy0_sugov_ext_up_rate_limit_us
/sys/devices/system/cpu/cpufreq/policy0/sugov_ext/down_rate_limit_us	sys_devices_system_cpu_cpufreq_policy0_sugov_ext_down_rate_limit_us
/sys/devices/system/cpu/cpufreq/policy4/scaling_governor	sys_devices_system_cpu_cpufreq_policy4_scaling_governor
/sys/devices/system/cpu/cpufreq/policy4/scaling_min_freq	sys_devices_system_cpu_cpufreq_policy4_scaling_min_freq
/sys/devices/system/cpu/cpufreq/policy4/scaling_max_freq	sys_devices_system_cpu_cpufreq_policy4_scaling_max_freq
/sys/devices/system/cpu/cpufreq/policy4/sugov_ext/up_rate_limit_us	sys_devices_system_cpu_cpufreq_policy4_sugov_ext_up_rate_limit_us
/sys/devices/system/cpu/cpufreq/policy4/sugov_ext/down_rate_limit_us	sys_devices_system_cpu_cpufreq_policy4_sugov_ext_down_rate_limit_us
/sys/devices/system/cpu/cpufreq/policy7/scaling_governor	sys_devices_system_cpu_cpufreq_policy7_scaling_governor
/sys/devices/system/cpu/cpufreq/policy7/scaling_min_freq	sys_devices_system_cpu_cpufreq_policy7_scaling_min_freq
/sys/devices/system/cpu/cpufreq/policy7/scaling_max_freq	sys_devices_system_cpu_cpufreq_policy7_scaling_max_freq
/sys/devices/system/cpu/cpufreq/policy7/sugov_ext/up_rate_limit_us	sys_devices_system_cpu_cpufreq_policy7_sugov_ext_up_rate_limit_us
/sys/devices/system/cpu/cpufreq/policy7/sugov_ext/down_rate_limit_us	sys_devices_system_cpu_cpufreq_policy7_sugov_ext_down_rate_limit_us
/sys/block/sda/queue/read_ahead_kb	sys_block_sda_queue_read_ahead_kb
/sys/block/sdb/queue/read_ahead_kb	sys_block_sdb_queue_read_ahead_kb
/sys/block/sdc/queue/read_ahead_kb	sys_block_sdc_queue_read_ahead_kb
/proc/sys/vm/swappiness	proc_sys_vm_swappiness
/dev/cpuctl/cpu.schedtune.boost	dev_cpuctl_cpu.schedtune.boost
/dev/cpuctl/foreground/cpu.schedtune.boost	dev_cpuctl_foreground_cpu.schedtune.boost
